GROUP,PACKAGE,CLASS,INSTRUCTION_MISSED,INSTRUCTION_COVERED,BRANCH_MISSED,BRANCH_COVERED,LINE_MISSED,LINE_COVERED,COMPLEXITY_MISSED,COMPLEXITY_COVERED,METHOD_MISSED,METHOD_COVERED
createaccount,com.sample.createaccount.model,Response,0,21,0,0,0,7,0,2,0,2
createaccount,com.sample.createaccount.model,ErrorResponse,0,3,0,0,0,1,0,1,0,1
createaccount,com.sample.createaccount.model,User,0,7,0,0,0,2,0,1,0,1
createaccount,com.sample.createaccount.services.impln,UserManagementServiceImpl,0,154,0,10,0,35,0,14,0,9
createaccount,com.sample.createaccount.controllers,UserController,0,54,0,0,0,7,0,7,0,7
createaccount,com.sample.createaccount,ServletInitializer,12,0,0,0,2,0,2,0,2,0
createaccount,com.sample.createaccount,CreateaccountApplication,5,3,0,0,2,1,1,1,1,1
createaccount,com.sample.createaccount.configurations,GlobalExceptionHandler,47,22,0,0,11,5,3,2,3,2
createaccount,com.sample.createaccount.configurations,SwaggerConfig,0,15,0,0,0,5,0,2,0,2
createaccount,com.sample.createaccount.configurations,WebSecurityConfiguration,0,26,0,0,0,7,0,4,0,4
createaccount,com.sample.createaccount.configurations,CustomErrorException,0,4,0,0,0,2,0,1,0,1
createaccount,com.sample.createaccount.common,Constants,3,0,0,0,1,0,1,0,1,0
